﻿<?xml version="1.0" encoding="utf-8"?>
<Project ToolsVersion="Current" xmlns="http://schemas.microsoft.com/developer/msbuild/2003">
  <PropertyGroup>
    <IncludeCompositeObjects>True</IncludeCompositeObjects>
    <TargetDatabaseName>dvdcentraldb</TargetDatabaseName>
    <DeployScriptFileName>LV.DVDCentral.DB.sql</DeployScriptFileName>
    <TargetConnectionString>Data Source=server-21296-300044518.database.windows.net;Persist Security Info=False;User ID=300044518db;Pooling=False;Multiple Active Result Sets=False;Connect Timeout=60;Encrypt=True;Trust Server Certificate=False;Command Timeout=0</TargetConnectionString>
    <BlockOnPossibleDataLoss>True</BlockOnPossibleDataLoss>
    <DatabaseEdition>Basic</DatabaseEdition>
    <DatabaseServiceObjective>Basic</DatabaseServiceObjective>
    <DatabaseMaximumSize>2</DatabaseMaximumSize>
    <ProfileVersionNumber>1</ProfileVersionNumber>
    <ScriptDatabaseOptions>False</ScriptDatabaseOptions>
  </PropertyGroup>
</Project>